WP,Name,Project Activity,Research Question,Lead,Q1,Q2,Q3,Q4
WP1,NA,NA,NA,NA,NA,NA,NA,NA
WP1,NA,NA,NA,NA,NA,NA,NA,NA
WP1,NA,NA,NA,NA,NA,NA,NA,NA
WP1,NA,NA,NA,NA,NA,NA,NA,NA
WP1,NA,NA,NA,NA,NA,NA,NA,NA
WP1,NA,NA,NA,NA,NA,NA,NA,NA
WP2,NA,NA,NA,NA,NA,NA,NA,NA
WP2,NA,NA,NA,NA,NA,NA,NA,NA
WP2,NA,NA,NA,NA,NA,NA,NA,NA
WP3,NA,NA,NA,NA,NA,NA,NA,NA
WP3,NA,NA,NA,NA,NA,NA,NA,NA
WP3,NA,NA,NA,NA,NA,NA,NA,NA
WP4,NA,NA,NA,NA,NA,NA,NA,NA
WP4,NA,NA,NA,NA,NA,NA,NA,NA
WP4,NA,NA,NA,NA,NA,NA,NA,NA
NA,NA,NA,NA,NA,NA,NA,NA,NA
NA,NA,NA,NA,NA,NA,NA,NA,NA
NA,NA,NA,NA,NA,NA,NA,NA,NA
NA,NA,NA,NA,NA,NA,NA,NA,NA
NA,NA,NA,NA,NA,NA,NA,NA,NA
NA,NA,NA,NA,NA,NA,NA,NA,NA
tbl-01-work-packages,NA,NA,NA,NA,NA,NA,NA,NA
